Name,Address,City,State,Zip Code,Card Type,Credit Card Number,Month,Year,Name on Card
Sujit Bakshi,ABC Street,Noida,Uttar Pradesh,123454,visa,VS13242,8,2026,Sujit Bakshi
Dhruba Mukherjee,DEF Street,Delhi,Delhi,2492332,dinersclub,DC242323,12,2026,Dhruba Mukherjee
Tony Colon,GHI Street,Gurgaon,Haryana,3442323,amex,AE833342,3,2026,Tony Colon
Ram Sen,JKL Street,Chandigarh,Punjab,34934343,amex,AE078320,9,2026,Ram Sen
Susheel Singh,MNO Street,Jaipur,Rajasthan,21323899,amex,AE628302,11,2026,Susheel Singh
Anoop Srivastav,PQR Street,Surat,Gujarat,43499324,dinersclub,DC9237912,6,2026,Anoop Srivastav
Ashish Misra,STU Street,Mumbai,Maharashtra,232444,visa,VS229237,4,2026,Ashish Misra
Vipin Kumar,VWX Street,Kolkata,West Bengal,3434392,visa,VS8239230,7,2026,Vipin Kumar
Neeraj Mishra,YZ Street,Bhopal,Madya Pradesh,24899237,dinersclub,DC2392390,5,2026,Neeraj Mishra
Prem Aryan,ABC Street,Chennai,Tamil Nadu,24293192,dinersclub,DC3239012,1,2026,Prem Aryan
